{"lr": 0.01, "data_time": 0.04369938373565674, "grad_norm": 9.110802114009857, "loss": 0.669384527951479, "top1_acc": 0.5, "top5_acc": 1.0, "loss_cls": 0.669384527951479, "time": 0.13658130168914795, "epoch": 1, "iter": 8, "memory": 1229, "step": 8}
{"acc/top1": 0.5, "acc/top5": 1.0, "acc/mean1": 0.5, "data_time": 1.005570888519287, "time": 1.0591895580291748, "step": 1}
{"lr": 0.01, "data_time": 0.03768114745616913, "grad_norm": 11.69001742452383, "loss": 0.5719738707412034, "top1_acc": 1.0, "top5_acc": 1.0, "loss_cls": 0.5719738707412034, "time": 0.11009801924228668, "epoch": 2, "iter": 16, "memory": 1229, "step": 16}
{"acc/top1": 0.9, "acc/top5": 1.0, "acc/mean1": 0.9, "data_time": 0.9336873292922974, "time": 0.9828426837921143, "step": 2}
{"lr": 0.01, "data_time": 0.026763689517974854, "grad_norm": 12.76262556128204, "loss": 0.465838041738607, "top1_acc": 0.5, "top5_acc": 1.0, "loss_cls": 0.465838041738607, "time": 0.08027820587158203, "epoch": 3, "iter": 24, "memory": 1229, "step": 24}
{"acc/top1": 0.9, "acc/top5": 1.0, "acc/mean1": 0.9, "data_time": 0.8597923517227173, "time": 0.9051798582077026, "step": 3}
{"lr": 0.01, "data_time": 0.028618288040161134, "grad_norm": 21.957989652454852, "loss": 0.4150761318218429, "top1_acc": 0.5, "top5_acc": 1.0, "loss_cls": 0.4150761318218429, "time": 0.079131817817688, "epoch": 4, "iter": 32, "memory": 1229, "step": 32}
{"acc/top1": 0.5, "acc/top5": 1.0, "acc/mean1": 0.5, "data_time": 0.8558979034423828, "time": 0.9017951488494873, "step": 4}
{"lr": 0.001, "data_time": 0.02848573923110962, "grad_norm": 29.565760800614953, "loss": 0.6984300638141576, "top1_acc": 1.0, "top5_acc": 1.0, "loss_cls": 0.6984300638141576, "time": 0.07848558425903321, "epoch": 5, "iter": 40, "memory": 1229, "step": 40}
{"acc/top1": 0.7, "acc/top5": 1.0, "acc/mean1": 0.7, "data_time": 0.8545840978622437, "time": 0.8999897241592407, "step": 5}
{"lr": 0.001, "data_time": 0.028418564796447755, "grad_norm": 27.463246554136276, "loss": 0.5679839404998347, "top1_acc": 1.0, "top5_acc": 1.0, "loss_cls": 0.5679839404998347, "time": 0.07838649749755859, "epoch": 6, "iter": 48, "memory": 1229, "step": 48}
{"acc/top1": 0.8, "acc/top5": 1.0, "acc/mean1": 0.8, "data_time": 0.855980634689331, "time": 0.900810956954956, "step": 6}
{"lr": 0.001, "data_time": 0.028921747207641603, "grad_norm": 20.189177341759205, "loss": 0.4171341048902832, "top1_acc": 1.0, "top5_acc": 1.0, "loss_cls": 0.4171341048902832, "time": 0.07895983457565307, "epoch": 7, "iter": 56, "memory": 1229, "step": 56}
{"acc/top1": 0.8, "acc/top5": 1.0, "acc/mean1": 0.8, "data_time": 0.8546414375305176, "time": 0.8999761343002319, "step": 7}
{"lr": 0.001, "data_time": 0.026266610622406004, "grad_norm": 21.52256351541728, "loss": 0.39425891725113615, "top1_acc": 0.5, "top5_acc": 1.0, "loss_cls": 0.39425891725113615, "time": 0.07634903192520141, "epoch": 8, "iter": 64, "memory": 1229, "step": 64}
{"acc/top1": 0.8, "acc/top5": 1.0, "acc/mean1": 0.8, "data_time": 0.8533502817153931, "time": 0.8989410400390625, "step": 8}
{"lr": 0.0001, "data_time": 0.028902995586395263, "grad_norm": 21.03733848016709, "loss": 0.4030267651658505, "top1_acc": 0.5, "top5_acc": 1.0, "loss_cls": 0.4030267651658505, "time": 0.07892451286315919, "epoch": 9, "iter": 72, "memory": 1229, "step": 72}
{"acc/top1": 0.8, "acc/top5": 1.0, "acc/mean1": 0.8, "data_time": 0.8552608489990234, "time": 0.900189995765686, "step": 9}
{"lr": 0.0001, "data_time": 0.03070276975631714, "grad_norm": 18.659689998440445, "loss": 0.32213265746395336, "top1_acc": 1.0, "top5_acc": 1.0, "loss_cls": 0.32213265746395336, "time": 0.08067736625671387, "epoch": 10, "iter": 80, "memory": 1229, "step": 80}
{"acc/top1": 0.8, "acc/top5": 1.0, "acc/mean1": 0.8, "data_time": 0.8548237085342407, "time": 0.8996962308883667, "step": 10}
