{"acc/top1": 0.9, "acc/top5": 1.0, "acc/mean1": 0.9, "data_time": 0.03218522071838379, "time": 0.4417354822158813}