{"acc/top1": 0.9298245614035088, "acc/top5": 1.0, "acc/mean1": 0.8541666666666666, "data_time": 0.041514348983764646, "time": 1.5247512181599936}